,PHG,VC,PCC,mCC,Hipp ,Insula,MFG,MPFC,IFG,ACC,Crus,Ver,Md,Th,St,SM,PMC,STG,MTG,ITC
BLA,0.637398354,0.392349985,0.468982907,0.585094238,0.814863105,0.462332156,0.472134893,0.529810929,0.527064098,0.470142036,0.337268453,0.480111176,0.518808123,0.455640632,0.55993077,0.615077136,0.597495647,0.725393174,0.681954744,0.642999364
CMA,0.442099178,0.261894553,0.341869682,0.474791953,0.548900976,0.437656265,0.382306375,0.400816902,0.420958998,0.46512719,0.33943952,0.381601209,0.450354838,0.529630064,0.635243556,0.390135473,0.396579578,0.51171406,0.486957758,0.426126051
