,PHG,VC,PCC,mCC,Hipp ,Insula,MFG,MPFC,IFG,ACC,Crus,Ver,Md,Th,St,SM,PMC,STG,MTG,ITC
BLA,0.295189098,0.135138079,0.174328193,0.189734402,0.622272494,0.077691891,0.097998155,0.227894884,0.150242753,0.132701812,0.029754473,0.148001967,0.152128032,0.152440428,0.19655344,0.328093752,0.274449257,0.434693254,0.364050733,0.364929511
CMA,0.101384571,0.110876047,0.007082732,0.070958739,0.282665314,0.150218254,0.040955719,0.080268015,0.119548914,0.119834152,0.096470774,0.120252629,0.136143392,0.242245322,0.359040816,0.13333178,0.166832173,0.207413062,0.167375703,0.160776771
